NACSname,NACSgroup
Aaron House Care Home,Social Care
Aberdeen City Community Health Partnership,Social Care
Aberdeen Health and Care Village,Social Care
Aberdeen Maternity Hospital,Maternity
Aberdeen Royal Infirmary,Other
Accident & Emergency,Emergency
Accident & Emergency (Emergency Care),Emergency
Accident and emergency,Emergency
Acute assessment unit,Emergency
Acute Assessment Unit (AAU),Emergency
Acute Medical Admissions Unit,Emergency
Acute Medical Assessment Unit,Emergency
Acute Medical Initial Assessment,Emergency
Acute Medical Receiving Unit,Medicine
Acute Medical Receiving Unit (AMRU),Emergency
Acute Medical Unit,Medicine
Acute Medical Unit (AMU),Medicine
Acute Medicine,Medicine
Acute Pain (Pain Clinic),Medicine
Acute Receiving,Emergency
Acute Receiving Unit,Emergency
Acute Short Stay Medicine,Medicine
Acute Stroke Unit,Medicine
Acute Stroke Unit (Ward 7),Medicine
Acute Surgical Receiving Unit,Surgery
Adamson Hospital,Other
Addiction Services,Community
Admissions Unit 1 (Emergency Medical),Emergency
Admissions Unit 2 (Emergency Surgical),Emergency
Adolescent Psychiatry,Mental Health
Adult Critical Care Unit (ACCU),Medicine
Adult Inpatient Psychiatric Unit - Ward 1,Mental Health
Adult mental health,Mental Health
Adult Mental Health (inpatient),Mental Health
Adult Mental Health (New Craigs inpatients),Mental Health
"Adult mental health (Wards 2,3)",Mental Health
Adult Mental Health Services,Mental Health
Adult Physiotherapy Services,AHP
Adult psychiatry,Mental Health
Adult Psychotherapy,Mental Health
Ailsa Hospital,Other
Airdrie Community Maternity,Maternity
Alexandra Unit (Palliative Care),Medicine
Alzheimer Scotland - Fife Service,Social Care
Alzheimers Scotland Stirling & Clackmannanshire Service,Community
Ambulatory Emergency Care (AEC),Emergency
Annan Hospital,Other
Appliances & Orthotics,AHP
Argyll and Bute Hospital,Other
Arran Medical Group,Primary care
Arran War Memorial Hospital,Community
Arrol Park Resource Centre,Primary care
Ashgill Care Home,Social Care
Astley Ainslie Hospital,Other
Auchinleck Community and Resource Centre,Community
Audiology,Medicine
Ayr Hospital,Other
Ayrshire & Arran Community Services,Primary care
Ayrshire Central Hospital,Other
Ayrshire Doctor on Call (ADOC),Primary care
Ayrshire Hospice,Social Care
Balfour Hospital,Other
Ballenden House,Mental Health
Ballochmyle Medical Group,Primary care
Barns Medical Practice,Primary care
"Barony Housing Care at Home, Fife",Social Care
Beatson West of Scotland Cancer Centre,Medicine
Bellfield Centre,Social Care
Bellshill Home Support Service,Social Care
Belmont Care Centre,Social Care
Biggart Hospital,Other
Bioengineering Clinic,AHP
Bioengineering clinic ,Community
Birmingham Community Healthcare NHS Foundation Trust,Community
Birmingham Community Healthcare NHS Trust,Other
Blairgowrie Community Hospital,Community
Blood and bone marrow conditions,Medicine
Blood vessel problems,Medicine
"Bones, joint and fractures",Surgery
Border Caring Services,Social Care
Borders Addiction Service,Community
Borders Community Services,Community
Borders Crisis Team,Mental Health
Borders Dialysis Unit,Medicine
Borders General Hospital,Hospital
Borders General Practices,Primary care
Borders Macmillan Centre,Medicine
Bourtreehill Medical Practice,Primary care
"Brain, spinal and nerve problems",Surgery
Brand Street Resource Centre,Mental Health
Breast care service,Medicine
Breast Clinic,Medicine
Breast Feeding Support Service,Maternity
Breast Services,Medicine
Breast Surgery,Surgery
Breastfeeding Support Service,Maternity
Breathing and lung problems,Medicine
Breathing Space (Phoneline),Mental Health
Brodie Ward,Mental Health
Brooksby Day Hospital,Other
Caithness General Hospital,Other
Cambuslang Community Maternity,Maternity
Cameron Hospital,Other
Cameron House,Social Care
CAMHS,Mental Health
CAMHS (Child & Adolescent Mental Health Services) Falkirk,Mental Health
CAMHS (Child & Adolescent MH service) Stirling,Mental Health
Cancer care,Medicine
Cancer care and Oncology,Medicine
Cancer services,Medicine
Cancer Services (Medical Oncology),Medicine
Canniesburn Hospital,Other
Cardiac Catherterisation,Medicine
Cardiac rehabilitation,Medicine
Cardiac Surgery,Surgery
Cardiology,Medicine
Cardiology & Coronary Care Unit,Medicine
Cardiology (Heart Conditions),Medicine
Cardiology (Ward 4),Medicine
Cardiology / Coronary Care Unit,Medicine
Cardiology Outpatients,Medicine
Cardiology/Coronary Care Unit (Ward 18),Medicine
Cardiothoracic (Heart and Lung) Ward,Medicine
Cardiothoracic Surgery,Surgery
Care and Support Service (South),Social Care
Care at Home Service,Social Care
Care of older people,Medicine
Care of the Elderly,Medicine
Care of the Elderly (Wards 13-16),Medicine
"Care of the Elderly (Wards 14,20,21,22)",Medicine
"Care of the Elderly (Wards 14,20,22)",Medicine
Care of the Elderly (Wards 9-12),Medicine
Care of the Elderly Medicine,Medicine
Care of the Elderly Mental Health,Mental Health
Care of the Elderly/Elderly Medicine,Medicine
Carrickstone House,Social Care
Castle Suite,Social Care
Castleview Day Care,Community
Chalmers Hospital,Other
Chemotherapy,Medicine
Chest medicine,Medicine
Child & Adolescent Mental Health Services,Mental Health
Child and Adolescent Mental Health Services,Mental Health
Child and Family Mental Health Services,Mental Health
Child Health Physiotherapy,AHP
Child Psychiatry,Mental Health
Children and Adolescents Mental Health Service,Mental Health
Children's A&E,Paediatrics
Children's Community Nursing,Paediatrics
Children's Community Services,Community
Children's Occupational Therapy,AHP
Childrens Services,Paediatrics
Children's services,Paediatrics
Chipping Norton OOH,Primary care
Chronic Pain Service,Medicine
City Hospital,AHP
Clackmannanshire Community Healthcare Centre,Primary care
Clincal Oncology,Medicine
Clinical assessment unit,Medicine
Clinical haematology,Medicine
Clinical Haematology (Ward 16),Medicine
Clinical Oncology,Medicine
Clinical Radiology (Diagnostic Radiology),Mental Health
Coatbridge Home Support Service,Social Care
Coatbridge Locality Support Service (Disability),Social Care
Coathill Hospital,Other
Colorectal,Medicine
Colorectal Unit,Medicine
Combined Assessment Unit (CAU),Emergency
Combined Child Health,Paediatrics
Communicable Diseases,Medicine
Community Based Services,Community
Community Casualty Department,Community
Community Child Health,Community
Community Dental Practice,Dental
"Community health (Physio, OT, SLT,Diet,Pod)",AHP
Community Maternity Care,Maternity
Community Maternity service,Maternity
Community Maternity Services,Maternity
Community Maternity Unit,Maternity
Community Mental Health,Mental Health
Community mental health team,Mental Health
Community Mental Health Team (Adult),Mental Health
Community Mental Health Team (CMHT) - East Ayrshire,Mental Health
Community Mental Health Team (CMHT) - South Ayrshire,Mental Health
Community Mental Health Team (Elderly),Mental Health
Community Nursing,Community
Community Nursing - East Ayrshire,Community
Community Nursing Service,Primary care
Community Paediatrics,Paediatrics
Community psychiatric nursing,Mental Health
Community Rehabilitation,AHP
Community Treatment Centre for Brain Injury,Community
Community/District Nursing Service,Community
Complementary Therapy,Social Care
Complex Nutrition Service/Dietetics,Medicine
Continence advisory service,Primary care
Continence Services,Primary care
Cooriedoon Care Home,Social Care
Cornwall Park,Social Care
Coronary Care Unit,Medicine
Corstorphine Hospital,Other
Crathes Ward,Mental Health
Critical Care,Medicine
Critical Care Unit (ICU/HDU),Medicine
Crosshouse Hospital,Other
Cumbernauld Community Maternity,Maternity
Davidson Cottage Hospital,Community
Day Hospital,Community
Day Medicine,Medicine
Day surgery,Surgery
Day surgery ,Surgery
Dementia Care (inpatient),Mental Health
Dementia Outreach Team (DOT),Mental Health
Dementia Support Service,Mental Health
Dental,Dental
Dental ,Dental
Dental care,Dental
Dental suite,Dental
Department of Medicine for Elderly (Wards10 & 12),Medicine
Dermatology,Medicine
Dermatology (Skin Conditions),Medicine
Dermatology Clinic,Medicine
Diabetes,Medicine
Diabetes & Endocrine,Medicine
Diabetes & Endocrinology,Medicine
Diabetes care (Ward 10),Medicine
Diabetes Clinic/Centre,Medicine
Diabetes/Endocrinology,Medicine
Diabetic Care Team,Medicine
Diabetic Outpatients,Medicine
Dietetics,Medicine
Dietetics - East Ayrshire,AHP
Dietetics and Nutrition,AHP
Dirrans Centre,Community
Dirrans Centre (including rehab),Community
District Nursing,Primary care
Douglas Grant Rehabilitation Centre,AHP
Douglas Street Community Health Clinic,Primary care
Dr Gray's Hospital,Other
Drum Ward,Mental Health
Drumchapel Hospital,Other
Dudhope House,Other
Dumfries & Galloway Royal Infirmary,Other
Dundee City Council - Home Care - Locality Teams and Housing with Care - East,Social Care
Dundee Dental Hospital,Dental
Dunfermline and West Fife Mainstream Home Care and Support Service,Social Care
Dunoon General Hospital,Other
"Ear, Nose & Throat",Medicine
"Ear, Nose & Throat ",Medicine
"Ear, Nose & Throat (Ward 9)",Surgery
"Ear, Nose & Throat / Audiology",Medicine
"Ear, nose and throat",Surgery
"Ear, nose, throat, head & neck surgery outpatients",Surgery
Early Pregnancy Assessment Service,Maternity
East Ayrshire Community Hospital,Community
East Ayrshire Council,Other
East Scotland Breast Screening Centre,Medicine
East/West Brigs Ward,Medicine
East/West Community Mental Health Team,Mental Health
East/West Community Mental Health Teams,Mental Health
Eastvale Resource Centre & Day Hosp,Community
Elderly Care,Medicine
Elderly Community Mental Health Service,Mental Health
Elderly medicine,Medicine
Elderly mental health,Mental Health
Elderly Rehabilitation,AHP
Elective Orthopaedics,Surgery
Ellen's Glen House,Other
Ellisland Day Care,Community
Emergency Ambulance,Emergency
Emergency Care,Emergency
Emergency department,Emergency
Emergency Medicine,Emergency
Endocrinology,Medicine
Endocrinology (Hormones),Medicine
Endocrinology (Ward 12),Medicine
Endocrinology and Diabetes,Medicine
Endocrinology Outpatients,Medicine
Endoscopy,Medicine
Endoscopy ,Surgery
Endoscopy and day care,Medicine
Endoscopy Unit,Surgery
Eyemouth Day Hospital,Other
Falkirk Community Hospital,Community
Falkirk Community Learning Disability Team,Mental Health
Family Nurse Partnership,Community
Family Planning Service ,Community
Ferryfield House,Other
Fife Community Services,Community
Fife Council,Other
Fife Day Care Services,Other
Findlay House,Other
Florence Street Clinic,Other
Forensic & Specialist mental health services,Mental Health
Forth Valley Community Services,Social Care
Forth Valley NHS Board,Other
Forth Valley Royal Hospital,Other
Fracture Clinic,Surgery
Fracture Liaison service,Medicine
Galloway Community Hospital,Community
Gartnavel General Hospital,Other
Gartnavel Royal Hospital,Other
Gastroenterology,Medicine
Gastroenterology (Stomach and Gut),Medicine
Gastroenterology (Ward 10),Medicine
General Internal Medicine,Medicine
General Medicine,Medicine
"General Medicine (Wards 2,10,12 and 17)",Medicine
General Medicine (Wards 5 & 8),Medicine
General Medicine (Wards 9-12),Medicine
General practices in Ayrshire & Arran,Primary care
General Practices in D&G,Primary care
General practices in Dumfries and Galloway,Primary care
General practices in Fife,Primary care
General practices in Forth Valley,Primary care
General Practices in Grampian,Primary care
General practices in Greater Glasgow & Clyde,Primary care
General practices in Lanarkshire,Primary care
General practices in Lothian,Primary care
General Practices in NHS Highland,Primary care
General practices in Tayside,Primary care
General Psychiatry,Mental Health
General Psychiatry (Mental Health),Mental Health
General Surgery,Surgery
General Surgery (Ward 7),Surgery
General Surgery (Wards 16-18),Surgery
General Surgery (Wards 4 & 7),Surgery
"General Surgery (Wards 5, 6 & 8)",Surgery
General Ward ,Medicine
General Wards,Medicine
Genetics,Medicine
Geriatric Assessment,Medicine
Geriatric Medicine,Medicine
Gilbert Bain Hospital,Other
Girvan Community Hospital,Community
Glasgow Association for Mental Health,Mental Health
Glasgow City Council,Other
Glasgow Community Services,Community
Glasgow Dental Hospital and School,Dental
Glasgow Homeopathic Hospital,Other
Glasgow Royal Infirmary,Other
Glen O'Dee Hospital,Other
Glenrothes Hospital,Other
GMED (Grampian Medical Emergency Department),Emergency
Golden Jubilee National Hospital,Other
GP Out of Hours,Primary care
GP Out of Hours (BECS),Primary care
GP Out of Hours service,Primary care
GP out of hours service (LUCS),Primary care
GP Out-of-Hours Emergency Service,Primary care
Grampian Community Services,Community
Grampian medical emergency department (GMED),Emergency
Gynaecology,Maternity
Gynaecology (Ward 13),Medicine
Gynaecology (Ward 16),Maternity
Gynaecology (Ward 32),Medicine
Gynaecology (Ward 49),Medicine
Gynaecology (Ward 7),Medicine
Gynaecology Clinic,Community
Gynaecology Services,Medicine
Haematology,Medicine
Haematology/Oncology Day Unit,Medicine
Haemotology,Medicine
Hairmyres Hospital,Other
Hanover Care at Home / Housing Support Service - Dalry,Social Care
HARP (Heart and Respiratory Patients),Medicine
Health Visiting,Community
Health Visitors,Community
Heart conditions,Medicine
High Dependancy Unit,Medicine
High dependency unit,Medicine
High Dependency Unit & Intensive Care Unit,Medicine
Highland,Other
Highland Community Services,Community
Highland Wheelchair and Seating service,AHP
Home Care Service - Care at Home,Social Care
Hospital @ Home (Midlothian),Community
Hospital Palliative Care Team,Medicine
Hospital Palliative Care Team/HSPCT,Medicine
Hospital to home service,Community
HRM Homecare Services Ltd,Social Care
Huntlyburn Ward,Mental Health
Hydrotherapy,AHP
Imaging,Medicine
Infectious Diseases,Medicine
Infectious Diseases Unit,Medicine
Injuries and Emergency Care (Accident and Emergency),Emergency
Inpatient Care,Mental Health
Integrated Community Assessment and Support Service,Community
Intensive & Critical Care,Emergency
Intensive Care,Medicine
Intensive care unit,Medicine
Intensive home treatment team,Community
Intensive Therapy Unit (ITU),Medicine
Intermediate Care Team,Community
Intermediate Care Teams (including reablement),Community
Interventional Cardiology,Medicine
Inverclyde Royal Hospital,Other
Islay Hospital,Other
Joint conditions,Surgery
Jubilee Hospital,Other
Kersiebank Medical Practice,Paediatrics
Kidney medicine and dialysis,Medicine
Kincardine Community Hospital,Community
Kings Cross Health and Community Care Centre,Social Care
Kings Cross Hospital,Other
Kirklands Hospital,Other
Kirklandside Hospital,Other
Labour suite,Maternity
Labour suite maternity,Maternity
Lady Home Cottage Hospital,Community
Lanarkshire Community Services,Community
Larkfield Unit,Other
Lauriston Building,Community
Lawson Memorial Hospital,Other
Learning disability,Mental Health
Leith Community Treatment Centre,Community
Lerwick Health Centre,Primary care
Liaison psychiatry,Mental Health
Liberton Hospital,Other
Lightburn Hospital,Other
Little Cairnie Hospital,Other
Lockhart Hospital,Community
Logan Practice,Primary care
Lorn & Islands Hospital,Other
Lothian Community Services,Community
Ludgate House Resource Centre,Social Care
Lynebank Hospital,Other
Mackinnon House,Mental Health
Macmilllan and Palliative Care Services,Medicine
Marie Curie nursing,Community
Marie Curie Nursing Service - Care at Home,Social Care
Maternity,Maternity
Maternity Assesment/Triage,Maternity
Maternity care,Maternity
Maternity care (Ward 17),Maternity
Maternity care (Ward 31),Maternity
Maternity care (Ward 47),Maternity
Maternity care (Ward 50),Maternity
Maternity Care (Wards 21-24),Maternity
Maternity Out Patient Department,Maternity
Maternity unit,Maternity
Maternity/Midwifery,Maternity
Max in the Middle (Health & Wellbeing programme),Community
Mearnskirk House,Other
Medical Assessment Unit,Medicine
Medical Day Unit,Medicine
Medical High Dependancy Unit,Medicine
Medical High Dependency,Medicine
Medical Oncology,Medicine
Medical Oncology (Ward 16),Medicine
Medical Paediatrics (Children's Medicine),Paediatrics
Medical/Gastroenterology (Ward 11),Medicine
Medicine for the Elderly,Medicine
Medicine of the Elderly,Medicine
Mental Health,Mental Health
Mental Health (Wards 19 &20),Mental Health
Mental Health for Older Adults,Mental Health
Mental Health for Older Adults (Cauldshiels),Mental Health
Mental Health for Older Adults (Lindean Ward),Mental Health
"Mental Health for Older Adults Central and East, Firholm Day Unit",Mental Health
"Mental Health for Older Adults Central and West, Firholm Day Unit",Mental Health
Mental Health outpatients,Mental Health
Mental health resource centre,Mental Health
Mental Health Services,Mental Health
Midlothian Community Hospital,Community
Midpark Hospital,Other
Midwifery,Maternity
Midwives,Maternity
Minor Injuries,Emergency
Minor Injuries Clinic,Emergency
Minor Injuries Unit,Emergency
Minor Surgery,Surgery
Mobility and Rehabilitation Service,AHP
Moffat Community Hospital,Community
Monklands District General Hospital,Other
Montfield Hospital,Other
Montrose House,Other
Moray Public Dental Services,Dental
Muirpark (Short Term Rehab),AHP
Musculoskeletal Service (MSK),Surgery
Nairn Town and County Hospital,Other
"National Hospital for Neurology & Neurosurgery, Queen Square",Other
Neo-natal Intensive Care,Maternity
Neonatal Intensive Care Unit (NICU),Maternity
Neonatal Unit,Maternity
Neonatal Unit (Special Care Baby Unit),Maternity
Neonatology,Maternity
Nephrology,Medicine
Neuro Rehabilitation,AHP
Neurology,Medicine
"Neurology (Brain, Spinal and Nerves)",Medicine
Neurosurgery,Medicine
Neurosurgery (Brain and Spinal Surgery),Surgery
New Craigs Hospital,Mental Health
New Victoria Hospital,Other
Newton Stewart Hospital,Other
NHS 24,Other
NHS 24 (111 service),Other
NHS Ayrshire & Arran,Other
NHS Borders,Other
NHS Bury CCG,Other
NHS Direct NHS Trust,Other
NHS Dumfries and Galloway,Other
NHS Fife,Other
NHS Forth Valley,Other
NHS Grampian,Other
NHS Greater Glasgow & Clyde,Other
NHS Highland,Other
NHS Lanarkshire,Other
NHS Lothian,Other
NHS Orkney,Other
NHS Scotland,Other
NHS Shetland,Other
NHS Solihull CCG,Other
NHS Tayside,Other
NHS Western Isles,Other
Ninewells Hospital,Other
North Ayrshire Council,Other
"North Ayrshire Council - Irvine, Garnock Valley and Community Alarm",Other
"North Ayrshire Council - Three Towns, North Coast and Arran",Other
North East Scotland Breast Screening Centre,Medicine
North Lanarkshire,Other
North of Scotland Breast Screening Centre,Medicine
Nuclear medicine,Medicine
Nursing and Child Health,Paediatrics
Nutrition,AHP
Obstetrics (Maternity care),Maternity
Occupational Therapy,AHP
Occupational Therapy ,AHP
Occupational therapy - East Ayrshire,AHP
Occupational therapy - South Ayrshire,AHP
Old Age Psychiatry,Mental Health
Older Adult CMHT  Falkirk,Mental Health
Older Adult CMHT  Stirling,Mental Health
Older adults mental health,Mental Health
Older people's care (inpatient),Medicine
Older people's healthcare,Medicine
Older people's mental health,Mental Health
"Older people's mental health (wards 4,5)",Mental Health
Older people's rehabilitation and assessment,AHP
Older peoples' services,Medicine
Oncology,Medicine
Oncology / Cancer Pathway,Medicine
Oncology unit,Medicine
Ophthalmology,Medicine
Ophthalmology & Optometry,Surgery
Ophthalmology (Eye Problems),Medicine
Ophthalmology Outpatients,Medicine
Opthalmology,Surgery
Opthamology,Medicine
Oral and Maxillofacial Surgery,Surgery
Oral and Maxillo-facial Surgery & Medicine,Surgery
Oral Surgery & Medicine,Medicine
Oral Surgery/maxillofacial,Surgery
Orthopaedic Rehabilitation,Surgery
Orthopaedics,Surgery
"Orthopaedics (Bones, Joints and Fractures)",Surgery
Orthotics,AHP
Orthotics Department,AHP
Out of Hours,Primary care
Out-of-Hours,Primary care
Out-of-hours GP service,Primary care
Outpatients Antibiotic Therapy (OPAT),Medicine
Outpatients Centre,Social Care
Outreach clinics,Social Care
Paediatric Assessment Unit (Children's Assessment Unit),Paediatrics
Paediatric Eye Clinic,Paediatrics
Paediatric orthopaedics,Paediatrics
Paediatric surgery,Paediatrics
Paediatric Unit,Paediatrics
Paediatric Wheelchair Clinic,Paediatrics
Paediatrics,Paediatrics
Paediatrics (Ward 15),Paediatrics
Pain clinic,Surgery
Pain management,Medicine
Pain Management Service,AHP
Palliative Care,Medicine
Palliative Care and Hospice,Social care
Palliative Care Team,Medicine
Papworth Hospital,Other
Patient Opinion,Other
Patient Transport Service,Other
Perinatal Service,Maternity
Perth Royal Infirmary,Other
Peterhead Community Hospital,Community
Pharmacy,Community
Phlebotomy,Surgery
Physio,AHP
Physio@Home,AHP
Physiological Measurement,Community
Physiotherapy,AHP
Physiotherapy ,Community
Physiotherapy - East Ayrshire,AHP
Physiotherapy - South Ayrshire,AHP
Physiotherapy (A&E),AHP
Physiotherapy (mental health),AHP
Pitlochry Community Hospital,Community
Planned Surgical Admissions Unit,Medicine
Plastic surgery,Surgery
Plastic Surgery & Burns,Surgery
Play Service,AHP
Podiatry,Medicine
Podiatry - East Ayrshire,AHP
Poynder View Day Centre,Mental Health
Pre Admission Assessment,Emergency
Pre Operative Assessment,Surgery
Pre-Op Assessments,Surgery
Pre-Operative Assessment Clinic,Surgery
Princess Alexandra Eye Pavillion,Medicine
Psychiatry of Old Age,Mental Health
Psychotherapy,Mental Health
Pulteney House (Care Home),Social Care
Queen Elizabeth University Hospital Glasgow,Other
Queen Margaret Hospital,Other
Queens Care Home,Social Care
Radiography,AHP
Radiology,Medicine
Radiotherapy,Medicine
Raigmore Hospital,Other
Rainbow Services,Social Care
Rapid Response Team,Community
Reablement Service,Social care
Recovery & rehabilitation,AHP
Rehab,Mental Health
Rehabilitation,AHP
Rehabilitation ,AHP
Rehabilitation (inpatient),AHP
Rehabilitation Clinic,AHP
Rehabilitation Medicine,Medicine
Rehabilitation Services,AHP
Renal,Medicine
Renal (Ward 1),Medicine
Renal and Transplant Services,Medicine
Renal dialysis,Medicine
Renal Dialysis Unit,Medicine
Renal Medicine,Medicine
Renal Medicine (Kidney),Medicine
Renal Outpatient Clinic,Medicine
Renal outpatients,Medicine
Renal Supportive Care,Medicine
Renal Unit,Medicine
Reproductive Health (Simpson Centre),Medicine
Reproductive Medicine,Medicine
Respiratory Medicine,Medicine
Respiratory Medicine (Breathing and Lung Problems),Medicine
Respiratory Medicine (Ward 12),Medicine
Respiratory Medicine (Ward 17),Medicine
Respiratory Medicine (Ward 7),Medicine
Rheumatology,Medicine
Rheumatology (Joint conditions),Medicine
Royal Aberdeen Children's Hospital,Paediatrics
Royal Alexandra Children's Hospital,Paediatrics
Royal Alexandra Hospital,Other
Royal Cornhill Hospital,Other
Royal Edinburgh Hospital,Mental Health
Royal Hospital for Children (Glasgow),Paediatrics
Royal Hospital for Sick Children (Edinburgh),Paediatrics
Royal Hospital for Sick Children (Yorkhill),Paediatrics
Royal Infirmary of Edinburgh at Little France,Other
Royal Victoria Hospital,Other
Rutherglen and Hamilton West,Other
Sandyford Clinic,Medicine
School Nursing,Community
Scottish Ambulance Service,Other
Scottish National Blood Transfusion Service,Other
SEAL (Surgical Elective Admission Lounge),Surgery
Sexual and Reproductive Health,Community
Sexual Health,Medicine
Sexual Health clinic,Community
Shawpark Resource Centre,Social Care
Sheffield Teaching Hospitals NHS Foundation Trust,Other
Short Stay Surgery,Surgery
Skin conditions,Medicine
Skye Unit (Glasgow Adolescent Inpatient Unit),Mental Health
Sleep Medicine,Medicine
South Ayrshire Home Care,Social Care
South Community Mental Health service,Mental Health
South East Scotland Breast Screening Centre,Medicine
South London And Maudsley NHS Foundation Trust,Mental Health
South West Scotland Breast Screening Centre,Medicine
Southern General Hospital,Other
Special Care Baby Unit,Paediatrics
Special Seating Clinic (Kirklands Hospital),AHP
Speech &  Language Therapy,AHP
Speech & Language Therapy,AHP
Speech & Language Therapy - East Ayrshire,AHP
Speech and Language Therapy,AHP
Speech and Language Therapy (Speech Therapy),AHP
Spinal injuries unit,Surgery
Springpark Resource Centre/Day Hosp,Other
St Andrews Community Hospital,Other
St John's Hospital,Other
STARS (Short Term Assessment Reablement Service),Community
Stirling Care Village,Social Care
Stirling Community Hospital,Community
Stirling Mental Health Resource Centre,Primary care
Stirling Royal Infirmary,Other
Stobhill Hospital,Other
Stomach and gut problems,Medicine
Stonehouse Hospital,Other
Stop Smoking Service,Community
Stracathro Hospital,Other
Stroke,Medicine
Stroke and Rehab,Medicine
Stroke care,Medicine
Stroke care (Ward 33),Medicine
Stroke care and rehabilitation,Medicine
Stroke Medicine,Medicine
Stroke Unit,Medicine
Stroke Unit (Ward 11),Medicine
Surgical Assessment Unit,Emergency
Surgical HDU,Surgery
Surgical High Dependency,Surgery
Surgical Observation Unit,Surgery
Surgical Paediatrics (Children's Surgery),Paediatrics
Surgical Receiving Unit (Ward 4),Surgery
Surgical Skin Care,Surgery
Tayside Community Services,Community
The Cathcart Street Medical Practice,Primary care
The Edinburgh Crisis Centre,Mental Health
The Knoll Hospital,Other
The Lanarkshire Beatson,Other
The Princess Royal Maternity Unit,Maternity
Theatre & Recovery,Surgery
Theatres,Surgery
Therapies & Rehab,AHP
Thoracic Surgery,Surgery
Thorney Croft,Social Care
Tippethill Hospital,Other
Trauma & orthopaedics,Emergency
Trauma & orthopaedics (Ward 9),Emergency
Trauma & Orthopaedics (Wards 1 & 5),Emergency
Trauma and orthopaedics,Emergency
Turriff Hospital,Community
Udston Hospital,Other
Urology,Medicine
Urology (Bladder and Urinary problems),Medicine
Urology (Ward 6),Surgery
Vale of Leven General Hospital,Other
Vascular (Blood Vessels),Medicine
Vascular Conditions,Medicine
Vascular Surgery,Surgery
Vascular Surgery (Ward 8),Surgery
Victoria Hospice,Social Care
Victoria Hospital,Other
Victoria Infirmary,Other
Victoria Integrated Care Centre,Social Care
Wallace Suite,Social Care
Ward 1 (surgical),Surgery
Ward 3 (medical),Medicine
Ward 8/9 BMTU,Medicine
Ward B4,Medicine
Ward B5,Medicine
Ward B7,Medicine
West Dunbartonshire Council Home Care Service,Social Care
West Scotland Breast Screening Centre,Medicine
Wester Moffat Hospital,Other
Western General Hospital,Other
Western Infirmary/Gartnavel General,Other
Western Isles Hospital,Other
WestMARC (Ayrshire & Arran),AHP
WestMARC (Dumfries & Galloway),AHP
WestMARC (Forth Valley),AHP
WestMARC (Glasgow),AHP
WestMARC (Lanarkshire),AHP
WestMARC (West of Scotland Mobility and Rehabilitation Centre),AHP
Whytemans Brae Hospital,Other
Wishaw and Shotts Home Support Service,Social Care
Wishaw General Hospital,Other
Womans Health Screening,Medicine
Women's day care unit,Medicine
Women's health,Medicine
Women's health  (Gynaecology),Medicine
Women's outpatient clinics and investigations,Medicine
Women's Services,Medicine
Woodend Hospital,Other
Woodlands Resource Centre,Mental Health
Woodside Care Home,Social Care
Woolmanhill Hospital,Other
Xrays & Scans,Medicine
Xrays & ultrasound,Social Care
Xrays and scans,Medicine
X-rays and scans,Medicine
